<?xml version="1.0" encoding="utf-8"?>
<extension
	type="module"
	version="3.1"
	client="site"
	method="upgrade">
	<name>mod_combo_news</name>
	<author>Want Web</author>
	<creationDate>April 2014</creationDate>
	<copyright>Copyright (C) 2013 - 2014 Want Web. All rights reserved.</copyright>
	<license>GNU General Public License version 2 or later</license>
	<authorEmail>info@wantweb.ru</authorEmail>
	<authorUrl>www.wantweb.ru</authorUrl>
	<version>3.1.2</version>
	<description>MOD_COMBO_NEWS_XML_DESCRIPTION</description>
	<files>
		<filename module="mod_combo_news">mod_combo_news.php</filename>
		<folder>tmpl</folder>
		<folder>css</folder>
		<folder>less</folder>
		<folder>images</folder>
		<folder>language</folder>
		<filename>helper.php</filename>
		<filename>params.less.php</filename>
		<filename>lessphpcomp.php</filename>
		<filename>lessc.inc.php</filename>
		<filename>index.html</filename>
		<filename>mod_combo_news.xml</filename>
	</files>
	<languages>
		<language tag="ru-RU">language/ru-RU/ru-RU.mod_combo_news.ini</language>
		<language tag="ru-RU">language/ru-RU/ru-RU.mod_combo_news.sys.ini</language>
		<language tag="en-GB">language/en-GB/en-GB.mod_combo_news.ini</language>
		<language tag="en-GB">language/en-GB/en-GB.mod_combo_news.sys.ini</language>
	</languages>
	<help key="JHELP_EXTENSIONS_MODULE_MANAGER_ARTICLES_NEWSFLASH" />
	<config>
		<fields name="params">
			<fieldset name="basic">
      
				<field
					name="layout"
					type="modulelayout"
					label="JFIELD_ALT_LAYOUT_LABEL"
					description="JFIELD_ALT_MODULE_LAYOUT_DESC" />

				<field
					name="catid"
					type="category"
					extension="com_content"
					multiple="true"
					default=""
					size="10"
					label="JCATEGORY"
					description="MOD_COMBO_NEWS_FIELD_CATEGORY_DESC" >
					<option value="">JOPTION_ALL_CATEGORIES</option>
				</field>

				<field
					name="include_css"
					type="list"
					default="1"
					label="MOD_COMBO_NEWS_CSS"
					description="MOD_COMBO_NEWS_CSS_DESCRIPTION">
					<option
						value="0">MOD_COMBO_NEWS_CSS_EXT</option>
					<option
						value="1">MOD_COMBO_NEWS_CSS_INCLUDE</option>
				</field>
 
				<field
					name="less_on"
					class="btn-group"
					type="radio"
					default="0"
					label="MOD_COMBO_NEWS_LESS"
					description="MOD_COMBO_NEWS_LESS_DESCRIPTION">
					<option
						value="1">JYES</option>
					<option
						value="0">JNO</option>
				</field>

				<field
					name="responsive_mode"
					type="list"
					default="0"
					label="MOD_COMBO_NEWS_RESPONSIVE_MODE_LABEL"
					description="MOD_COMBO_NEWS_RESPONSIVE_MODE_DESC">
					<option
						value="0">JNO</option>
					<option
						value=" rsp_979">Max-width: 979px</option>
					<option
						value=" rsp_767">Max-width: 767px</option>
					<option
						value=" rsp_480">Max-width: 480px</option>
				</field>

				<field
					name="moduleclass_sfx"
					type="textarea" rows="3"
					label="COM_MODULES_FIELD_MODULECLASS_SFX_LABEL"
					description="COM_MODULES_FIELD_MODULECLASS_SFX_DESC" />

				<field
					name="count"
					type="text"
					default="5"
					label="MOD_COMBO_NEWS_FIELD_ITEMS_LABEL"
					description="MOD_COMBO_NEWS_FIELD_ITEMS_DESC" />

				<field
					name="ordering"
					type="list"
					default="a.publish_up"
					label="MOD_COMBO_NEWS_FIELD_ORDERING_LABEL"
					description="MOD_COMBO_NEWS_FIELD_ORDERING_DESC">
					<option
						value="a.publish_up">MOD_COMBO_NEWS_FIELD_ORDERING_PUBLISHED_DATE</option>
					<option
						value="a.created">MOD_COMBO_NEWS_FIELD_ORDERING_CREATED_DATE</option>
					<option
						value="a.ordering">MOD_COMBO_NEWS_FIELD_ORDERING_ORDERING</option>
					<option
						value="rand()">MOD_COMBO_NEWS_FIELD_ORDERING_RANDOM</option>
				</field>

			</fieldset> 
     
			<fieldset
				name="content_settings">

				<field
					name="item_title"
					class="btn-group"
					type="radio"
					default="0"
					label="MOD_COMBO_NEWS_FIELD_TITLE_LABEL"
					description="MOD_COMBO_NEWS_FIELD_TITLE_DESC">
					<option
						value="1">JYES</option>
					<option
						value="0">JNO</option>
				</field>

				<field
					name="link_titles"
					type="list"
					label="MOD_COMBO_NEWS_FIELD_LINKTITLE_LABEL"
					description="MOD_COMBO_NEWS_FIELD_LINKTITLE_DESC">
					<option
						value="">JGLOBAL_USE_GLOBAL</option>
					<option
						value="0">JNO</option>
					<option
						value="1">JYES</option>
				</field>

				<field
					name="item_heading"
					type="list"
					default="h4"
					label="MOD_COMBO_NEWS_TITLE_HEADING"
					description="MOD_COMBO_NEWS_TITLE_HEADING_DESCRIPTION">
					<option
						value="h2">JH2</option>
					<option
						value="h3">JH3</option>
					<option
						value="h4">JH4</option>
					<option
						value="h5">JH5</option>
				</field>

				<field
					name="text_show"
					type="radio"
					class="btn-group"
					default="1"
					label="MOD_COMBO_NEWS_TEXT_SHOW_LABEL"
					description="MOD_COMBO_NEWS_TEXT_SHOW_DESCRIPTION">
					<option
						value="1">JYES</option>
					<option
						value="0">JNO</option>
				</field>

         <field
           name="text_size"
           type="text"
           label="MOD_COMBO_NEWS_TEXT_SIZE_LABEL"
           description="MOD_COMBO_NEWS_TEXT_SIZE_DESC" />

				<field
					name="date_publ"
					type="radio"
					class="btn-group"
					default="0"
					label="MOD_COMBO_NEWS_FIELD_DATE_PUBL_LABEL"
					description="MOD_COMBO_NEWS_FIELD_DATE_PUBL_DESC">
					<option
						value="1">JYES</option>
					<option
						value="0">JNO</option>
				</field>

				<field
					name="date_format"
					type="list"
					default="d.m.y"
					label="MOD_COMBO_NEWS_DATE_FORMAT_LABEL"
					description="MOD_COMBO_NEWS_DATE_FORMAT_DESC">
					<option
						value="d F Y">14 april 2014</option>
					<option
						value="d M Y">14 apr 2014</option>
					<option
						value="d F">14 april</option>
					<option
						value="d.m.y">14.04.14</option>
				</field>

				<field
					name="date_position"
					type="list"
					default="1"
					label="MOD_COMBO_NEWS_DATE_POSITION_LABEL"
					description="MOD_COMBO_NEWS_DATE_POSITION_DESC">
					<option
						value="0">heading (accordion)</option>
					<option
						value="1">before title</option>
					<option
						value="2">after title</option>
				</field>

				<field
					name="date_icon"
					type="radio"
					class="btn-group"
					default="0"
					label="MOD_COMBO_NEWS_DATE_ICON_LABEL"
					description="MOD_COMBO_NEWS_DATE_ICON_DESC">
					<option
						value="1">JYES</option>
					<option
						value="0">JNO</option>
				</field>

				<field
					name="readmore"
					type="radio"
					class="btn-group"
					default="0"
					label="MOD_COMBO_NEWS_FIELD_READMORE_LABEL"
					description="MOD_COMBO_NEWS_FIELD_READMORE_DESC">
					<option
						value="0">JHIDE</option>
					<option
						value="1">JSHOW</option>
				</field>
 
				<field
					name="readmore_position"
					type="list"
					default="readmore-left"
          label="MOD_COMBO_NEWS_BLOG_READMORE_POSITION_LABEL"
          description="MOD_COMBO_NEWS_BLOG_READMORE_POSITION_DESC">
					<option
						value="readmore-left">left</option>
					<option
						value="readmore-right">right</option>
				</field>

				<field
					name="readmore_color"
					type="list"
					default="btn-link"
					label="MOD_COMBO_NEWS_READMORE_COLOR_LABEL"
					description="MOD_COMBO_NEWS_READMORE_COLOR_DESCRIPTION">
					<option
						value="btn-link">default</option>
					<option
						value="btn-grey">Grey</option>
					<option
						value="btn-primary">Blue</option>
					<option
						value="btn-info">Blue light</option>
					<option
						value="btn-success">Green</option>
					<option
						value="btn-warning">Yellow</option>
					<option
						value="btn-danger">Red</option>
					<option
						value="btn-inverse">Black</option>					
				</field>
 
			</fieldset>
      
			<fieldset
				name="mcn_images">

				<field
					name="image"
					type="radio"
					class="btn-group"
					default="0"
					label="MOD_COMBO_NEWS_FIELD_IMAGES_LABEL"
					description="MOD_COMBO_NEWS_FIELD_IMAGES_DESC">
					<option
						value="1">JYES</option>
					<option
						value="0">JNO</option>
				</field>

				<field
					name="image_position"
					type="list"
					default="0"
					label="MOD_COMBO_NEWS_IMAGE_POSITION_LABEL"
					description="MOD_COMBO_IMAGE_DATE_POSITION_DESC">
					<option
						value="0">center</option>
					<option
						value="1">left</option>
					<option
						value="2">right</option>
				</field>

         <field
           name="image_width"
           type="text"
           label="MOD_COMBO_NEWS_IMAGE_WIDTH_LABEL"
           description="MOD_COMBO_NEWS_IMAGE_MAX_WIDTH_DESC" />

         <field
           name="image_height"
           type="text"
           label="MOD_COMBO_NEWS_IMAGE_HEIGHT_LABEL"
           description="MOD_COMBO_NEWS_IMAGE_HEIGHT_DESC" />

         <field
           name="image_quality"
           type="text"
           default="90"
           label="MOD_COMBO_NEWS_IMAGE_QUALITY_LABEL"
           description="MOD_COMBO_NEWS_IMAGE_QUALITY_DESC" />
 
			</fieldset>
      
			<fieldset
				name="blog_settings">

				<field
					name="column_count"
					type="list"
					default="1"
					label="MOD_COMBO_NEWS_COLUMNS"
					description="MOD_COMBO_NEWS_COLUMNS_DESCRIPTION">
					<option
						value="1">1</option>
					<option
						value="2">2</option>
					<option
						value="3">3</option>
					<option
						value="4">4</option>
				</field>

				<field
					name="blog_type"
					type="list"
					default="monoblock"
          label="MOD_COMBO_NEWS_BLOG_TYPE_LABEL"
          description="MOD_COMBO_NEWS_BLOG_TYPE_DESC">
					<option
						value="monoblock">monoblock</option>
					<option
						value="rows-block">rows-block</option>
					<option
						value="articles-block">articles-block</option>
				</field>

				<field
					name="vertical_separator"
					class="btn-group"
					type="radio"
					default="0"
					label="MOD_COMBO_NEWS_VERTICAL_SEPARATOR_LABEL"
					description="MOD_COMBO_NEWS_VERTICAL_SEPARATOR_DESCRIPTION">
					<option
						value="v_separator">JYES</option>
					<option
						value="0">JNO</option>
				</field>
      
        <field
          name="blog_css"
          type="spacer"
          label="COM_MODULES_BLOGCSS_LABEL"
          description="COM_MODULES_BLOGCSS_DESC"
        />

				<field
          name="blogSideImageMaxWidth"
          type="text"
          default="33%"
          label="COM_MODULES_COMBO_SIDE_IMAGE_MAX_WIDTH_SIZE_LABEL"
          description="COM_MODULES_COMBO_SIDE_IMAGE_MAX_WIDTH_SIZE_DESC" />
 
				<field
					name="blogArticlePadding"
          type="text"
          default="12px"
          label="MOD_COMBO_NEWS_BLOG_ARTICLE_PADDING_LABEL"
          description="MOD_COMBO_NEWS_BLOG_ARTICLE_PADDING_DESC" />
 
				<field
					name="blogArticleMargin"
          type="text"
          default="2px"
          label="MOD_COMBO_NEWS_BLOG_ARTICLE_MARGIN_LABEL"
          description="MOD_COMBO_NEWS_BLOG_ARTICLE_MARGIN_DESC" />

				<field
					name="blogTitleFontSize"
          type="text"
          default="15px"
          label="MOD_COMBO_NEWS_BLOG_TITLE_FONTSIZE_LABEL"
          description="MOD_COMBO_NEWS_BLOG_TITLE_FONTSIZE_DESC" />

				<field
					name="blogTitleStringCount"
          type="text"
          default="1"
          label="MOD_COMBO_NEWS_BLOG_TITLE_STRINGCOUNT_LABEL"
          description="MOD_COMBO_NEWS_BLOG_TITLE_STRINGCOUNT_DESC" />

				<field
					name="blogTitleColor"
          type="text"
          default="#000"
          label="MOD_COMBO_NEWS_BLOG_TITLE_COLOR_LABEL"
          description="MOD_COMBO_NEWS_BLOG_TITLE_COLOR_DESC" />

				<field
					name="blogBackground"
          type="text"
          label="MOD_COMBO_NEWS_BLOG_BACKGROUND_LABEL"
          description="MOD_COMBO_NEWS_BLOG_BACKGROUND_DESC" />

				<field
					name="blogArticleBorderColor"
          type="text"
          label="MOD_COMBO_NEWS_BLOGARTICLE_BORDER_COLOR_LABEL"
          description="MOD_COMBO_NEWS_BLOG_ARTICLE_BORDERCOLOR_DESC" />

			</fieldset>
       
			<fieldset
				name="tabs_accordion">

				<field
					name="accordion_active"
					class="btn-group"
					type="radio"
					default="1"
					label="MOD_COMBO_NEWS_ACCORDION_ACTIVE_LABEL"
					description="MOD_COMBO_NEWS_ACCORDION_ACTIVE_DESC">
					<option
						value="1">JYES</option>
					<option
						value="0">JNO</option>
				</field>
     
        <field
          name="accordion_css_title"
          type="spacer"
          label="COM_MODULES_ACCORDION_CSS_TITLE_LABEL"
          description="COM_MODULES_BLOGCSS_DESC" />

				<field
					name="accordContentPadding"
          type="text"
					default="9px 15px"
          label="MOD_COMBO_NEWS_ACCORDCONTENTPADDING_LABEL"
          description="MOD_COMBO_NEWS_ACCORDCONTENTPADDING_DESC" />

				<field
					name="accordBackground"
          type="text"
          label="MOD_COMBO_NEWS_ACCORDBACKGROUND_LABEL"
          description="MOD_COMBO_NEWS_ACCORDBACKGROUND_DESC" />

				<field
					name="accordHeadingBackground"
          type="text"
          label="MOD_COMBO_NEWS_ACCORDHEADINGBACKGROUND_LABEL"
          description="MOD_COMBO_NEWS_ACCORDHEADINGBACKGROUND_DESC" />

				<field
					name="accordBorderColor"
          type="text"
					default="#E5E5E5"
          label="MOD_COMBO_NEWS_ACCORDBORDERCOLOR_LABEL"
          description="MOD_COMBO_NEWS_ACCORDBORDERCOLOR_DESC" />

				<field
          name="accordSideImageMaxWidth"
          type="text"
          default="33%"
          label="COM_MODULES_COMBO_SIDE_IMAGE_MAX_WIDTH_SIZE_LABEL"
          description="COM_MODULES_COMBO_SIDE_IMAGE_MAX_WIDTH_SIZE_DESC" />

			</fieldset>
       
			<fieldset
				name="tabs_settings">
 
				<field
					name="tabs_style"
					type="list"
					default="nav nav-tabs"
          label="MOD_COMBO_NEWS_TABS_STYLE_LABEL"
          description="MOD_COMBO_NEWS_TABS_STYLE_DESC">
					<option
						value="nav nav-tabs">default</option>
					<option
						value="mcn-custom clearfix">menu-style</option>
				</field>
 
				<field
					name="nav_position"
					type="list"
					default="1"
					label="MOD_COMBO_NEWS_NAV_POSITION"
					description="MOD_COMBO_NEWS_NAV_POSITION_DESCRIPTION">
					<option
						value="1">top</option>
					<option
						value="2">left</option>
					<option
						value="3">right</option>
				</field>
       
        <field
          name="tbs"
          type="spacer"
          label="MOD_COMBO_NEWS_TBS_LABEL"
          description="COM_MODULES_BLOGCSS_DESC" />

				<field
					name="tabsContentPadding"
          type="text"
					default="15px"
          label="MOD_COMBO_NEWS_TABSCONTENTPADDING_LABEL"
          description="MOD_COMBO_NEWS_TABSCONTENTPADDING_DESC" />

				<field
					name="tabsNavigationMaxWidth"
          type="text"
					default="33%"
          label="MOD_COMBO_NEWS_TABSNAVIGATIONMAXWIDTH_LABEL"
          description="MOD_COMBO_NEWS_TABSNAVIGATIONMAXWIDTH_DESC" />

				<field
					name="tabsContentMinHeight"
          type="text"
					default="auto"
          label="MOD_COMBO_NEWS_TABSCONTENTMINHEIGHT_LABEL"
          description="MOD_COMBO_NEWS_TABSCONTENTMINHEIGHT_DESC" />

				<field
					name="tabsContentBackground"
          type="text"
					default="#FFF"
          label="MOD_COMBO_NEWS_TABSCONTENTBACKGROUND_LABEL"
          description="MOD_COMBO_NEWS_TABSCONTENTBACKGROUND_DESC" />

				<field
					name="tabsNavBackground"
          type="text"
					default="#F9F9F9"
          label="MOD_COMBO_NEWS_TABSNAVBACKGROUND_LABEL"
          description="MOD_COMBO_NEWS_TABSNAVBACKGROUND_DESC" />

				<field
					name="tabsActiveColor"
          type="text"
					default="#AD0000"
          label="MOD_COMBO_NEWS_TABSACTIVECOLOR_LABEL"
          description="MOD_COMBO_NEWS_TABSACTIVECOLOR_DESC" />

				<field
					name="tabsActiveBackground"
          type="text"
					default="#F0F0F0"
          label="MOD_COMBO_NEWS_TABSACTIVEBACKGROUND_LABEL"
          description="MOD_COMBO_NEWS_TABSACTIVEBACKGROUND_DESC" />

				<field
					name="tabsHoverBackground"
          type="text"
					default="#F0F0F0"
          label="MOD_COMBO_NEWS_TABSHOVERBACKGROUND_LABEL"
          description="MOD_COMBO_NEWS_TABSHOVERBACKGROUND_DESC" />

				<field
					name="tabsBorderColor"
          type="text"
					default="#E5E5E5"
          label="MOD_COMBO_NEWS_TABSBORDERCOLOR_LABEL"
          description="MOD_COMBO_NEWS_TABSBORDERCOLOR_DESC" />

				<field
					name="tabsBorderRadius"
          type="text"
					default="0px"
          label="MOD_COMBO_NEWS_TABSBORDERRADIUS_LABEL"
          description="MOD_COMBO_NEWS_TABSBORDERRADIUS_DESC" />

				<field
          name="tabsSideImageMaxWidth"
          type="text"
          default="33%"
          label="COM_MODULES_COMBO_SIDE_IMAGE_MAX_WIDTH_SIZE_LABEL"
          description="COM_MODULES_COMBO_SIDE_IMAGE_MAX_WIDTH_SIZE_DESC" />

			</fieldset>
      
			<fieldset
				name="advanced">

				<field
					name="cache"
					type="list"
					default="1"
					label="COM_MODULES_FIELD_CACHING_LABEL"
					description="COM_MODULES_FIELD_CACHING_DESC">
					<option
						value="1">JGLOBAL_USE_GLOBAL</option>
					<option
						value="0">COM_MODULES_FIELD_VALUE_NOCACHING</option>
				</field>

				<field
					name="cache_time"
					type="text"
					default="900"
					label="COM_MODULES_FIELD_CACHE_TIME_LABEL"
					description="COM_MODULES_FIELD_CACHE_TIME_DESC" />

				<field
					name="cachemode"
					type="hidden"
					default="itemid">
					<option
						value="itemid"></option>
				</field>

			</fieldset>
      
		</fields>
	</config>
</extension>
