<?xml version="1.0" encoding="utf-8"?>
    <extension version="2.5" type="template" client="site">
        <name>MyTemplate</name>
        <creationDate>04.05.2017</creationDate>
        <author>Aidana</author>
        <authorEmail>askarabalina@gmail.com</authorEmail>
        <authorUrl>aidana</authorUrl>
        <copyright>2016</copyright>
        <license>GNU/GPL</license>
        <version>1.0.0</version>
        <description></description>
        <files>
            <filename>index.php</filename>
            <filename>index.html</filename>
            <filename>templateDetails.xml</filename>
            <folder>css</folder>
            <folder>images</folder>
            <folder>html</folder>
            <folder>js</folder>
            <folder>bootstrap</folder>
        </files>
        <positions>
            <position>breadcrumb</position>
            <position>header</position>
            <position>menu</position>
            <position>pos1</position>
            <position>pos2</position>
            <position>pos3</position>
            <position>footer</position>
            <position>left</position>
            <position>right</position>
        </positions>
    </extension>