<?xml version="1.0" encoding="utf-8"?>
<extension version="2.5" type="plugin" group="system"  method="upgrade" >
    <name>PLG_SYSTEM_CLEANTALK_NAME</name>
    <author>CleanTalk team</author>
    <creationDate>01.12.2017</creationDate>
    <copyright>(C) CleanTalk</copyright>
    <license>GNU/GPLv2</license>
    <authorEmail>welcome@cleantalk.org</authorEmail>
    <authorUrl>cleantalk.org</authorUrl>
    <version>5.6.1</version>
    <description>PLG_CLEANTALK_DESCRIPTION</description>
    <files>
	<filename plugin="antispambycleantalk">antispambycleantalk.php</filename>
	<filename plugin="antispambycleantalk">cleantalk.class.php</filename>
	<filename plugin="antispambycleantalk">classes/Cleantalk.php</filename>
	<filename plugin="antispambycleantalk">classes/CleantalkRequest.php</filename>
	<filename plugin="antispambycleantalk">classes/CleantalkResponse.php</filename>
	<filename plugin="antispambycleantalk">classes/CleantalkHelper.php</filename>
	<filename plugin="antispambycleantalk">classes/sfw_die_page.html</filename>
	<filename plugin="antispambycleantalk">js/ct-settings.js</filename>
	<filename plugin="antispambycleantalk">js/ct-functions.js</filename>	
	<filename plugin="antispambycleantalk">css/ct-settings.css</filename>
	<filename plugin="antispambycleantalk">jquery-1.11.2.min.js</filename>
	<filename plugin="antispambycleantalk">preloader.gif</filename>
	<filename plugin="antispambycleantalk">error.html</filename>
	<filename plugin="antispambycleantalk">custom_config.php</filename>
	
	<folder>sql/mysql</folder>
    </files>
    <languages folder="language">
	<language tag="en-GB">en-GB/en-GB.plg_system_antispambycleantalk.ini</language>
	<language tag="en-GB">en-GB/en-GB.plg_system_antispambycleantalk.sys.ini</language>
	<language tag="ru-RU">ru-RU/ru-RU.plg_system_antispambycleantalk.ini</language>
	<language tag="ru-RU">ru-RU/ru-RU.plg_system_antispambycleantalk.sys.ini</language>
    </languages> 
    <!-- Joomla 1.7+ config -->
    <config>
	<fields name="params">
		<fieldset name="basic">
			<field name="apikey" type="text" 
				label="PLG_SYSTEM_CLEANTALK_PARAM_APIKEY" 
				description="PLG_SYSTEM_CLEANTALK_PARAM_APIKEY_DESC" 
				size="20" 
				class="cleantalk_auth_key"
				hint="PLG_SYSTEM_CLEANTALK_PARAM_APIKEY_HINT"
			/>
			<field name="key_control" type="spacer" 
				label="PLG_SYSTEM_CLEANTALK_PARAM_KEY_CONTROL_LABEL"
				description="PLG_SYSTEM_CLEANTALK_PARAM_KEY_CONTROL_DESCRIPTION"
				class="cleantalk_key_control display_none"
			/>
			<field name="hr_spacer" type="spacer" 
				label="&lt;hr/&gt;"
				class="cleantalk_spacer"
			/>			
            <field name="general_contact_forms_test" type="checkbox" label="COM_PLUGINS_CT_CUSTOM_FORMS" value="1" default="0" description="COM_PLUGINS_CT_CUSTOM_FORMS_DESCRIPTION" />
			
            <field name="tell_about_cleantalk" type="checkbox" label="COM_PLUGINS_CT_TELL_ABOUT" value="1" default="0" description="COM_PLUGINS_CT_TELL_ABOUT_DESCRIPTION" />

            <field name="sfw_enable" type="checkbox" label="COM_PLUGINS_CT_SPAM_FIREWALL" value="1" default="0" description="COM_PLUGINS_CT_SPAM_FIREWALL_DESCRIPTION" />
			<field name="sfw_last_check" type="hidden" 
				default="0" 
			/>
			<field name="sfw_check_interval" type="hidden" 
				default="86400" 
			/>
			<field name="sfw_reload_timeout" type="hidden" 
				default="3" 
			/>
			<field name="sfw_last_send_log" type="hidden" 
				default="0" 
			/>
			<field name="server_url" type="hidden" 
				label="PLG_SYSTEM_CLEANTALK_PARAM_SERVER" 
				description="PLG_SYSTEM_CLEANTALK_PARAM_SERVER_DESC" 
				size="50" 
				default="http://moderate.cleantalk.org" 
			/>
			<field name="work_url" type="hidden" 
				default="" 
			/>
			<field name="server_ttl" type="hidden" 
				default="0"
			/>			
			<field name="server_changed" type="hidden" 
				default="0" 
			/>
			<field name="ct_status" type="hidden" 
				default=""
			/>			
			<field name="ct_changed" type="hidden" 
				default="0" 
			/>												
			<field name="user_token" type="hidden" 
				label="user_token" 
				description="user_token" 
				size="50" 
				default="" 
			/>
			<field name ="service_id" type="hidden"
				label="service_id"
				description="service_id"
				size="50"
				default=""
			/>
			<field name ="spam_count" type="hidden"
				label="spam_count"
				description="spam_count"
				size="50"
				default="0"
			/>
			<field name="last_status" type="hidden" 
				label="last_status" 
				description="last_status" 
				size="50" 
				default="" 
			/>
			<field name="show_notice" type="hidden" 
				label="show_notice" 
				description="show_notice" 
				size="50" 
				default="" 
			/>
			<field name="show_notice_review" type="hidden" 
				label="show_notice_review" 
				description="show_notice_review" 
				size="50" 
				default="" 
			/>
			<field name="last_checked" type="hidden" 
				label="last_checked" 
				description="last_checked" 
				size="50" 
				default="" 
			/>
			<field name="ip_license" type="hidden" 
				label="ip_license" 
				description="ip_license" 
				size="50" 
				default="" 
			/>
			<field name="moderate_ip" type="hidden" 
				label="moderate_ip" 
				description="moderate_ip" 
				size="50" 
				default="" 
			/>
			<field name="ct_key_is_ok" type="hidden" 
				default="0" 
			/>
 			<field name="js_keys" type="hidden" 
				default="" 
			/>
 			<field name="js_keys_store_days" type="hidden" 
				default="14" 
			/>	
 			<field name="js_key_lifetime" type="hidden" 
				default="86400" 
			/>					               
		</fieldset>
		<fieldset name="jcomments">
			<field name="groups" type="usergroup" 
				label="PLG_SYSTEM_CLEANTALK_PARAM_GROUPS_LABEL" 
				description="PLG_SYSTEM_CLEANTALK_PARAM_GROUPS_DESC" 
				size="10"
				multiple="true" 
				default="1"
			/>
        
            <field name="jcomments_unpublished_nofications" type="checkbox" label="COM_PLUGINS_JCOMMENTS_NOTIFY_NEW_UNPUBLISHED" value="0" />
            <field name="relevance_test" type="checkbox" label="COM_PLUGINS_RELEVANCE_TEST" value="0" />
			<field name="key_control" type="spacer" 
				label="COM_PLUGINS_JCOMMENTS_NOTIFY_ENABLED"
			/>            
			
		</fieldset>
		<fieldset name="checkuserscomments">
			
		</fieldset>
		<fieldset name="connectionreports">
			
		</fieldset>	
	</fields>
    </config>
	<administration>
		<!-- Administration Menu Section -->
		<menu>Antispam by CleanTalk</menu>
		<submenu>
			  <menu view="configuration">COM_CLEANTALK_CONFIGURATION</menu>
			  <menu view="updates">COM_CLEANTALK_UPDATES</menu>
		</submenu>
		<files folder="admin">
			<!-- Admin Main File Copy Section -->
			<filename>index.html</filename>
			<filename>cleantalk.php</filename>
		</files>
	</administration>
    <install>
        <sql>
            <file driver="mysql" charset="utf8">sql/mysql/install.mysql.utf8.sql</file>
        </sql>
    </install>
    <uninstall>
        <sql>
            <file driver="mysql" charset="utf8">sql/mysql/uninstall.mysql.utf8.sql</file>
        </sql>
    </uninstall>
	<update> 
      <schemas>
         <schemapath type="mysql">sql/mysql/updates</schemapath> 
      </schemas> 
   </update>
	<updateservers>
		<server type="extension" priority="1" name="CleanTalk Update Site">https://raw.githubusercontent.com/CleanTalk/joomla25-3x-antispam/master/plugin-updates.xml</server>
	</updateservers>
</extension>
