<?xml version="1.0" encoding="utf-8"?>
<updates>
	<update>
		<name>Antispam by CleanTalk</name>
		<description>Antispam plugin for Joomla registrations and contacts, for VurtueMart, Rapid Contact, VTEM Contact, JComments 2.3, 3.0.</description>
		<element>antispambycleantalk</element>
		<type>plugin</type>
		<folder>system</folder>
		<client_id>0</client_id>
		<client>0</client>
		<version>5.6.1</version>
		<infourl title="Antispam by CleanTalk">https://cleantalk.org/joomla-anti-spam-plugin-without-captcha</infourl>
		<downloads>
			<downloadurl type="full" format="zip">https://github.com/CleanTalk/joomla25-3x-antispam/archive/5.6.1.zip</downloadurl>
		</downloads>
		<tags>
			<tag>stable</tag>
		</tags>
		<maintainer>CleanTalk</maintainer>
		<maintainerurl>https://cleantalk.org</maintainerurl>
		<targetplatform name="joomla" version="[23].*"/>
	</update>	
	<update>
		<name>Antispam by CleanTalk</name>
		<description>Antispam plugin for Joomla registrations and contacts, for VurtueMart, Rapid Contact, VTEM Contact, JComments 2.3, 3.0.</description>
		<element>antispambycleantalk</element>
		<type>plugin</type>
		<folder>system</folder>
		<client_id>0</client_id>
		<client>0</client>
		<version>5.5</version>
		<infourl title="Antispam by CleanTalk">https://cleantalk.org/joomla-anti-spam-plugin-without-captcha</infourl>
		<downloads>
			<downloadurl type="full" format="zip">https://github.com/CleanTalk/joomla25-3x-antispam/archive/5.5.zip</downloadurl>
		</downloads>
		<tags>
			<tag>stable</tag>
		</tags>
		<maintainer>CleanTalk</maintainer>
		<maintainerurl>https://cleantalk.org</maintainerurl>
		<targetplatform name="joomla" version="[23].*"/>
	</update>		
	<update>
		<name>Antispam by CleanTalk</name>
		<description>Antispam plugin for Joomla registrations and contacts, for VurtueMart, Rapid Contact, VTEM Contact, JComments 2.3, 3.0.</description>
		<element>antispambycleantalk</element>
		<type>plugin</type>
		<folder>system</folder>
		<client_id>0</client_id>
		<client>0</client>
		<version>5.4</version>
		<infourl title="Antispam by CleanTalk">https://cleantalk.org/joomla-anti-spam-plugin-without-captcha</infourl>
		<downloads>
			<downloadurl type="full" format="zip">https://github.com/CleanTalk/joomla25-3x-antispam/archive/5.4.zip</downloadurl>
		</downloads>
		<tags>
			<tag>stable</tag>
		</tags>
		<maintainer>CleanTalk</maintainer>
		<maintainerurl>https://cleantalk.org</maintainerurl>
		<targetplatform name="joomla" version="[23].*"/>
	</update>		
	<update>
		<name>Antispam by CleanTalk</name>
		<description>Antispam plugin for Joomla registrations and contacts, for VurtueMart, Rapid Contact, VTEM Contact, JComments 2.3, 3.0.</description>
		<element>antispambycleantalk</element>
		<type>plugin</type>
		<folder>system</folder>
		<client_id>0</client_id>
		<client>0</client>
		<version>5.3</version>
		<infourl title="Antispam by CleanTalk">https://cleantalk.org/joomla-anti-spam-plugin-without-captcha</infourl>
		<downloads>
			<downloadurl type="full" format="zip">https://github.com/CleanTalk/joomla25-3x-antispam/archive/5.3.zip</downloadurl>
		</downloads>
		<tags>
			<tag>stable</tag>
		</tags>
		<maintainer>CleanTalk</maintainer>
		<maintainerurl>https://cleantalk.org</maintainerurl>
		<targetplatform name="joomla" version="[23].*"/>
	</update>	
	<update>
		<name>Antispam by CleanTalk</name>
		<description>Antispam plugin for Joomla registrations and contacts, for VurtueMart, Rapid Contact, VTEM Contact, JComments 2.3, 3.0.</description>
		<element>antispambycleantalk</element>
		<type>plugin</type>
		<folder>system</folder>
		<client_id>0</client_id>
		<client>0</client>
		<version>5.2</version>
		<infourl title="Antispam by CleanTalk">https://cleantalk.org/joomla-anti-spam-plugin-without-captcha</infourl>
		<downloads>
			<downloadurl type="full" format="zip">https://github.com/CleanTalk/joomla25-3x-antispam/archive/5.2.zip</downloadurl>
		</downloads>
		<tags>
			<tag>stable</tag>
		</tags>
		<maintainer>CleanTalk</maintainer>
		<maintainerurl>https://cleantalk.org</maintainerurl>
		<targetplatform name="joomla" version="[23].*"/>
	</update>	
	<update>
		<name>Antispam by CleanTalk</name>
		<description>Antispam plugin for Joomla registrations and contacts, for VurtueMart, Rapid Contact, VTEM Contact, JComments 2.3, 3.0.</description>
		<element>antispambycleantalk</element>
		<type>plugin</type>
		<folder>system</folder>
		<client_id>0</client_id>
		<client>0</client>
		<version>5.1</version>
		<infourl title="Antispam by CleanTalk">https://cleantalk.org/joomla-anti-spam-plugin-without-captcha</infourl>
		<downloads>
			<downloadurl type="full" format="zip">https://github.com/CleanTalk/joomla25-3x-antispam/archive/5.1.zip</downloadurl>
		</downloads>
		<tags>
			<tag>stable</tag>
		</tags>
		<maintainer>CleanTalk</maintainer>
		<maintainerurl>https://cleantalk.org</maintainerurl>
		<targetplatform name="joomla" version="[23].*"/>
	</update>	
	<update>
		<name>Antispam by CleanTalk</name>
		<description>Antispam plugin for Joomla registrations and contacts, for VurtueMart, Rapid Contact, VTEM Contact, JComments 2.3, 3.0.</description>
		<element>antispambycleantalk</element>
		<type>plugin</type>
		<folder>system</folder>
		<client_id>0</client_id>
		<client>0</client>
		<version>5.0.0</version>
		<infourl title="Antispam by CleanTalk">https://cleantalk.org/joomla-anti-spam-plugin-without-captcha</infourl>
		<downloads>
			<downloadurl type="full" format="zip">https://github.com/CleanTalk/joomla25-3x-antispam/archive/5.0.0.zip</downloadurl>
		</downloads>
		<tags>
			<tag>stable</tag>
		</tags>
		<maintainer>CleanTalk</maintainer>
		<maintainerurl>https://cleantalk.org</maintainerurl>
		<targetplatform name="joomla" version="[23].*"/>
	</update>
	<update>
		<name>Antispam by CleanTalk</name>
		<description>Antispam plugin for Joomla registrations and contacts, for VurtueMart, Rapid Contact, VTEM Contact, JComments 2.3, 3.0.</description>
		<element>antispambycleantalk</element>
		<type>plugin</type>
		<folder>system</folder>
		<client_id>0</client_id>
		<client>0</client>
		<version>4.9.9</version>
		<infourl title="Antispam by CleanTalk">https://cleantalk.org/joomla-anti-spam-plugin-without-captcha</infourl>
		<downloads>
			<downloadurl type="full" format="zip">https://github.com/CleanTalk/joomla25-3x-antispam/archive/4.9.9.zip</downloadurl>
		</downloads>
		<tags>
			<tag>stable</tag>
		</tags>
		<maintainer>CleanTalk</maintainer>
		<maintainerurl>https://cleantalk.org</maintainerurl>
		<targetplatform name="joomla" version="[23].*"/>
	</update>
	<update>
		<name>Antispam by CleanTalk</name>
		<description>Antispam plugin for Joomla registrations and contacts, for VurtueMart, Rapid Contact, VTEM Contact, JComments 2.3, 3.0.</description>
		<element>antispambycleantalk</element>
		<type>plugin</type>
		<folder>system</folder>
		<client_id>0</client_id>
		<client>0</client>
		<version>4.9.8</version>
		<infourl title="Antispam by CleanTalk">https://cleantalk.org/joomla-anti-spam-plugin-without-captcha</infourl>
		<downloads>
			<downloadurl type="full" format="zip">https://github.com/CleanTalk/joomla25-3x-antispam/archive/4.98.zip</downloadurl>
		</downloads>
		<tags>
			<tag>stable</tag>
		</tags>
		<maintainer>CleanTalk</maintainer>
		<maintainerurl>https://cleantalk.org</maintainerurl>
		<targetplatform name="joomla" version="[23].*"/>
	</update>
	<update>
		<name>Antispam by CleanTalk</name>
		<description>Antispam plugin for Joomla registrations and contacts, for VurtueMart, Rapid Contact, VTEM Contact, JComments 2.3, 3.0.</description>
		<element>antispambycleantalk</element>
		<type>plugin</type>
		<folder>system</folder>
		<client_id>0</client_id>
		<client>0</client>
		<version>4.9.7</version>
		<infourl title="Antispam by CleanTalk">https://cleantalk.org/joomla-anti-spam-plugin-without-captcha</infourl>
		<downloads>
			<downloadurl type="full" format="zip">https://github.com/CleanTalk/joomla25-3x-antispam/archive/4.97.zip</downloadurl>
		</downloads>
		<tags>
			<tag>stable</tag>
		</tags>
		<maintainer>CleanTalk</maintainer>
		<maintainerurl>https://cleantalk.org</maintainerurl>
		<targetplatform name="joomla" version="[23].*"/>
	</update>
	<update>
		<name>Antispam by CleanTalk</name>
		<description>Antispam plugin for Joomla registrations and contacts, for VurtueMart, Rapid Contact, VTEM Contact, JComments 2.3, 3.0.</description>
		<element>antispambycleantalk</element>
		<type>plugin</type>
		<folder>system</folder>
		<client_id>0</client_id>
		<client>0</client>
		<version>4.9.6</version>
		<infourl title="Antispam by CleanTalk">https://cleantalk.org/joomla-anti-spam-plugin-without-captcha</infourl>
		<downloads>
			<downloadurl type="full" format="zip">https://github.com/CleanTalk/joomla25-3x-antispam/archive/4.96.zip</downloadurl>
		</downloads>
		<tags>
			<tag>stable</tag>
		</tags>
		<maintainer>CleanTalk</maintainer>
		<maintainerurl>https://cleantalk.org</maintainerurl>
		<targetplatform name="joomla" version="[23].*"/>
	</update>
	<update>
		<name>Antispam by CleanTalk</name>
		<description>Antispam plugin for Joomla registrations and contacts, for VurtueMart, Rapid Contact, VTEM Contact, JComments 2.3, 3.0.</description>
		<element>antispambycleantalk</element>
		<type>plugin</type>
		<folder>system</folder>
		<client_id>0</client_id>
		<client>0</client>
		<version>4.9.5</version>
		<infourl title="Antispam by CleanTalk">https://cleantalk.org/joomla-anti-spam-plugin-without-captcha</infourl>
		<downloads>
			<downloadurl type="full" format="zip">https://github.com/CleanTalk/joomla25-3x-antispam/archive/4.9.5.zip</downloadurl>
		</downloads>
		<tags>
			<tag>stable</tag>
		</tags>
		<maintainer>CleanTalk</maintainer>
		<maintainerurl>https://cleantalk.org</maintainerurl>
		<targetplatform name="joomla" version="[23].*"/>
	</update>
	<update>
		<name>Antispam by CleanTalk</name>
		<description>Antispam plugin for Joomla registrations and contacts, for VurtueMart, Rapid Contact, VTEM Contact, JComments 2.3, 3.0.</description>
		<element>antispambycleantalk</element>
		<type>plugin</type>
		<folder>system</folder>
		<client_id>0</client_id>
		<client>0</client>
		<version>4.9.4</version>
		<infourl title="Antispam by CleanTalk">https://cleantalk.org/joomla-anti-spam-plugin-without-captcha</infourl>
		<downloads>
			<downloadurl type="full" format="zip">https://github.com/CleanTalk/joomla25-3x-antispam/archive/4.9.4.zip</downloadurl>
		</downloads>
		<tags>
			<tag>stable</tag>
		</tags>
		<maintainer>CleanTalk</maintainer>
		<maintainerurl>https://cleantalk.org</maintainerurl>
		<targetplatform name="joomla" version="[23].*"/>
	</update>
	<update>
		<name>Antispam by CleanTalk</name>
		<description>Antispam plugin for Joomla registrations and contacts, for VurtueMart, Rapid Contact, VTEM Contact, JComments 2.3, 3.0.</description>
		<element>antispambycleantalk</element>
		<type>plugin</type>
		<folder>system</folder>
		<client_id>0</client_id>
		<client>0</client>
		<version>4.9.3</version>
		<infourl title="Antispam by CleanTalk">https://cleantalk.org/joomla-anti-spam-plugin-without-captcha</infourl>
		<downloads>
			<downloadurl type="full" format="zip">https://github.com/CleanTalk/joomla25-3x-antispam/archive/4.9.3.zip</downloadurl>
		</downloads>
		<tags>
			<tag>stable</tag>
		</tags>
		<maintainer>CleanTalk</maintainer>
		<maintainerurl>https://cleantalk.org</maintainerurl>
		<targetplatform name="joomla" version="[23].*"/>
	</update>		
	<update>
		<name>Antispam by CleanTalk</name>
		<description>Antispam plugin for Joomla registrations and contacts, for VurtueMart, Rapid Contact, VTEM Contact, JComments 2.3, 3.0.</description>
		<element>antispambycleantalk</element>
		<type>plugin</type>
		<folder>system</folder>
		<client_id>0</client_id>
		<client>0</client>
		<version>4.9.2</version>
		<infourl title="Antispam by CleanTalk">https://cleantalk.org/joomla-anti-spam-plugin-without-captcha</infourl>
		<downloads>
			<downloadurl type="full" format="zip">https://github.com/CleanTalk/joomla25-3x-antispam/archive/4.9.2.zip</downloadurl>
		</downloads>
		<tags>
			<tag>stable</tag>
		</tags>
		<maintainer>CleanTalk</maintainer>
		<maintainerurl>https://cleantalk.org</maintainerurl>
		<targetplatform name="joomla" version="[23].*"/>
	</update>	
	<update>
		<name>Antispam by CleanTalk</name>
		<description>Antispam plugin for Joomla registrations and contacts, for VurtueMart, Rapid Contact, VTEM Contact, JComments 2.3, 3.0.</description>
		<element>antispambycleantalk</element>
		<type>plugin</type>
		<folder>system</folder>
		<client_id>0</client_id>
		<client>0</client>
		<version>4.9.1</version>
		<infourl title="Antispam by CleanTalk">https://cleantalk.org/joomla-anti-spam-plugin-without-captcha</infourl>
		<downloads>
			<downloadurl type="full" format="zip">https://github.com/CleanTalk/joomla25-3x-antispam/archive/4.9.1.zip</downloadurl>
		</downloads>
		<tags>
			<tag>stable</tag>
		</tags>
		<maintainer>CleanTalk</maintainer>
		<maintainerurl>https://cleantalk.org</maintainerurl>
		<targetplatform name="joomla" version="[23].*"/>
	</update>
	<update>
		<name>Antispam by CleanTalk</name>
		<description>Antispam plugin for Joomla registrations and contacts, for VurtueMart, Rapid Contact, VTEM Contact, JComments 2.3, 3.0.</description>
		<element>antispambycleantalk</element>
		<type>plugin</type>
		<folder>system</folder>
		<client_id>0</client_id>
		<client>0</client>
		<version>4.9</version>
		<infourl title="Antispam by CleanTalk">https://cleantalk.org/joomla-anti-spam-plugin-without-captcha</infourl>
		<downloads>
			<downloadurl type="full" format="zip">https://github.com/CleanTalk/joomla25-3x-antispam/archive/4.9.zip</downloadurl>
		</downloads>
		<tags>
			<tag>stable</tag>
		</tags>
		<maintainer>CleanTalk</maintainer>
		<maintainerurl>https://cleantalk.org</maintainerurl>
		<targetplatform name="joomla" version="[23].*"/>
	</update>
	<update>
		<name>Antispam by CleanTalk</name>
		<description>Antispam plugin for Joomla registrations and contacts, for VurtueMart, Rapid Contact, VTEM Contact, JComments 2.3, 3.0.</description>
		<element>antispambycleantalk</element>
		<type>plugin</type>
		<folder>system</folder>
		<client_id>0</client_id>
		<client>0</client>
		<version>4.8.1</version>
		<infourl title="Antispam by CleanTalk">https://cleantalk.org/joomla-anti-spam-plugin-without-captcha</infourl>
		<downloads>
			<downloadurl type="full" format="zip">https://github.com/CleanTalk/joomla25-3x-antispam/archive/4.8.1.zip</downloadurl>
		</downloads>
		<tags>
			<tag>stable</tag>
		</tags>
		<maintainer>CleanTalk</maintainer>
		<maintainerurl>https://cleantalk.org</maintainerurl>
		<targetplatform name="joomla" version="[23].*"/>
	</update>
	<update>
		<name>Antispam by CleanTalk</name>
		<description>Antispam plugin for Joomla registrations and contacts, for VurtueMart, Rapid Contact, VTEM Contact, JComments 2.3, 3.0.</description>
		<element>antispambycleantalk</element>
		<type>plugin</type>
		<folder>system</folder>
		<client_id>0</client_id>
		<client>0</client>
		<version>4.8</version>
		<infourl title="Antispam by CleanTalk">https://cleantalk.org/joomla-anti-spam-plugin-without-captcha</infourl>
		<downloads>
			<downloadurl type="full" format="zip">https://github.com/CleanTalk/joomla25-3x-antispam/archive/4.8.zip</downloadurl>
		</downloads>
		<tags>
			<tag>stable</tag>
		</tags>
		<maintainer>CleanTalk</maintainer>
		<maintainerurl>https://cleantalk.org</maintainerurl>
		<targetplatform name="joomla" version="[23].*"/>
	</update>
	<update>
		<name>Antispam by CleanTalk</name>
		<description>Antispam plugin for Joomla registrations and contacts, for VurtueMart, Rapid Contact, VTEM Contact, JComments 2.3, 3.0.</description>
		<element>antispambycleantalk</element>
		<type>plugin</type>
		<folder>system</folder>
		<client_id>0</client_id>
		<client>0</client>
		<version>4.7.1</version>
		<infourl title="Antispam by CleanTalk">https://cleantalk.org/joomla-anti-spam-plugin-without-captcha</infourl>
		<downloads>
			<downloadurl type="full" format="zip">http://download.cleantalk.org/joomla/joomla25-3x-antispam-4.7.1.zip</downloadurl>
		</downloads>
		<tags>
			<tag>stable</tag>
		</tags>
		<maintainer>CleanTalk</maintainer>
		<maintainerurl>https://cleantalk.org</maintainerurl>
		<targetplatform name="joomla" version="[23].*"/>
	</update>
	<update>
		<name>Antispam by CleanTalk</name>
		<description>Antispam plugin for Joomla registrations and contacts, for VurtueMart, Rapid Contact, VTEM Contact, JComments 2.3, 3.0.</description>
		<element>antispambycleantalk</element>
		<type>plugin</type>
		<folder>system</folder>
		<client_id>0</client_id>
		<client>0</client>
		<version>4.7</version>
		<infourl title="Antispam by CleanTalk">https://cleantalk.org/joomla-anti-spam-plugin-without-captcha</infourl>
		<downloads>
			<downloadurl type="full" format="zip">http://download.cleantalk.org/joomla/joomla25-3x-antispam-4.7.zip</downloadurl>
		</downloads>
		<tags>
			<tag>stable</tag>
		</tags>
		<maintainer>CleanTalk</maintainer>
		<maintainerurl>https://cleantalk.org</maintainerurl>
		<targetplatform name="joomla" version="[23].*"/>
	</update>
	<update>
		<name>Antispam by CleanTalk</name>
		<description>Antispam plugin for Joomla registrations and contacts, for VurtueMart, Rapid Contact, VTEM Contact, JComments 2.3, 3.0.</description>
		<element>antispambycleantalk</element>
		<type>plugin</type>
		<folder>system</folder>
		<client_id>0</client_id>
		<client>0</client>
		<version>4.6</version>
		<infourl title="Antispam by CleanTalk">https://cleantalk.org/joomla-anti-spam-plugin-without-captcha</infourl>
		<downloads>
			<downloadurl type="full" format="zip">http://download.cleantalk.org/joomla/joomla25-3x-antispam-4.6.zip</downloadurl>
		</downloads>
		<tags>
			<tag>stable</tag>
		</tags>
		<maintainer>CleanTalk</maintainer>
		<maintainerurl>https://cleantalk.org</maintainerurl>
		<targetplatform name="joomla" version="[23].*"/>
	</update>
	<update>
		<name>Antispam by CleanTalk</name>
		<description>Antispam plugin for Joomla registrations and contacts, for VurtueMart, Rapid Contact, VTEM Contact, JComments 2.3, 3.0.</description>
		<element>antispambycleantalk</element>
		<type>plugin</type>
		<folder>system</folder>
		<client_id>0</client_id>
		<client>0</client>
		<version>4.5</version>
		<infourl title="Antispam by CleanTalk">https://cleantalk.org/joomla-anti-spam-plugin-without-captcha</infourl>
		<downloads>
			<downloadurl type="full" format="zip">http://download.cleantalk.org/joomla/joomla25-3x-antispam-4.5.zip</downloadurl>
		</downloads>
		<tags>
			<tag>stable</tag>
		</tags>
		<maintainer>CleanTalk</maintainer>
		<maintainerurl>https://cleantalk.org</maintainerurl>
		<targetplatform name="joomla" version="[23].*"/>
	</update>
	<update>
		<name>Antispam by CleanTalk</name>
		<description>Antispam plugin for Joomla registrations and contacts, for VurtueMart, Rapid Contact, VTEM Contact, JComments 2.3, 3.0.</description>
		<element>antispambycleantalk</element>
		<type>plugin</type>
		<folder>system</folder>
		<client_id>0</client_id>
		<client>0</client>
		<version>4.4</version>
		<infourl title="Antispam by CleanTalk">https://cleantalk.org/joomla-anti-spam-plugin-without-captcha</infourl>
		<downloads>
			<downloadurl type="full" format="zip">http://download.cleantalk.org/joomla/joomla25-3x-antispam-4.4.zip</downloadurl>
		</downloads>
		<tags>
			<tag>stable</tag>
		</tags>
		<maintainer>CleanTalk</maintainer>
		<maintainerurl>https://cleantalk.org</maintainerurl>
		<targetplatform name="joomla" version="[23].*"/>
	</update>
	<update>
		<name>Antispam by CleanTalk</name>
		<description>Antispam plugin for Joomla registrations and contacts, for VurtueMart, Rapid Contact, VTEM Contact, JComments 2.3, 3.0.</description>
		<element>antispambycleantalk</element>
		<type>plugin</type>
		<folder>system</folder>
		<client_id>0</client_id>
		<client>0</client>
		<version>4.3</version>
		<infourl title="Antispam by CleanTalk">https://cleantalk.org/joomla-anti-spam-plugin-without-captcha</infourl>
		<downloads>
			<downloadurl type="full" format="zip">http://download.cleantalk.org/joomla/joomla25-3x-antispam-4.3.zip</downloadurl>
		</downloads>
		<tags>
			<tag>stable</tag>
		</tags>
		<maintainer>CleanTalk</maintainer>
		<maintainerurl>https://cleantalk.org</maintainerurl>
		<targetplatform name="joomla" version="[23].*"/>
	</update>
	<update>
		<name>Antispam by CleanTalk</name>
		<description>Antispam plugin for Joomla registrations and contacts, for VurtueMart, Rapid Contact, VTEM Contact, JComments 2.3, 3.0.</description>
		<element>antispambycleantalk</element>
		<type>plugin</type>
		<folder>system</folder>
		<client_id>0</client_id>
		<client>0</client>
		<version>4.2</version>
		<infourl title="Antispam by CleanTalk">https://cleantalk.org/joomla-anti-spam-plugin-without-captcha</infourl>
		<downloads>
			<downloadurl type="full" format="zip">http://download.cleantalk.org/joomla/joomla25-3x-antispam-4.2.zip</downloadurl>
		</downloads>
		<tags>
			<tag>stable</tag>
		</tags>
		<maintainer>CleanTalk</maintainer>
		<maintainerurl>https://cleantalk.org</maintainerurl>
		<targetplatform name="joomla" version="[23].*"/>
	</update>
	<update>
		<name>Antispam by CleanTalk</name>
		<description>Antispam plugin for Joomla registrations and contacts, for VurtueMart, Rapid Contact, VTEM Contact, JComments 2.3, 3.0.</description>
		<element>antispambycleantalk</element>
		<type>plugin</type>
		<folder>system</folder>
		<version>4.1</version>
		<infourl title="Antispam by CleanTalk">https://cleantalk.org/joomla-anti-spam-plugin-without-captcha</infourl>
		<downloads>
			<downloadurl type="full" format="zip">http://download.cleantalk.org/joomla/joomla25-3x-antispam-4.1.zip</downloadurl>
		</downloads>
		<tags>
			<tag>Stable</tag>
		</tags>
		<maintainer>CleanTalk</maintainer>
		<maintainerurl>https://cleantalk.org</maintainerurl>
		<client>0</client>
		<client_id>0</client_id>
		<targetplatform name="joomla" version="[23].*"/>
	</update>
	<update>
		<name>Antispam by CleanTalk</name>
		<description>Antispam plugin for Joomla registrations and contacts, for VurtueMart, Rapid Contact, VTEM Contact, JComments 2.3, 3.0.</description>
		<element>antispambycleantalk</element>
		<type>plugin</type>
		<folder>system</folder>
		<version>4.0.2</version>
		<infourl title="Antispam by CleanTalk">https://cleantalk.org/joomla-anti-spam-plugin-without-captcha</infourl>
		<downloads>
			<downloadurl type="full" format="zip">http://download.cleantalk.org/joomla/joomla25-3x-antispam-4.0.2.zip</downloadurl>
		</downloads>
		<tags>
			<tag>Stable</tag>
		</tags>
		<maintainer>CleanTalk</maintainer>
		<maintainerurl>https://cleantalk.org</maintainerurl>
		<client>0</client>
		<client_id>0</client_id>
		<targetplatform name="joomla" version="[23].*"/>
	</update>
	<update>
		<name>Antispam by CleanTalk</name>
		<description>Antispam plugin for Joomla registrations and contacts, for VurtueMart, Rapid Contact, VTEM Contact, JComments 2.3, 3.0.</description>
		<element>antispambycleantalk</element>
		<type>plugin</type>
		<folder>system</folder>
		<version>4.0.1</version>
		<infourl title="Antispam by CleanTalk">https://www.cleantalk.org/joomla-anti-spam-plugin-without-captcha</infourl>
		<downloads>
			<downloadurl type="full" format="zip">http://download.cleantalk.org/joomla/joomla25-3x-antispam-4.0.1.zip</downloadurl>
		</downloads>
		<tags>
			<tag>Stable</tag>
		</tags>
		<maintainer>CleanTalk</maintainer>
		<maintainerurl>https://www.cleantalk.org</maintainerurl>
		<client>0</client>
		<client_id>0</client_id>
		<targetplatform name="joomla" version="2.5"/>
	</update>
	<update>
		<name>Antispam by CleanTalk</name>
		<description>Antispam plugin for Joomla registrations and contacts, for VurtueMart, Rapid Contact, VTEM Contact, JComments 2.3, 3.0.</description>
		<element>antispambycleantalk</element>
		<type>plugin</type>
		<folder>system</folder>
		<version>4.0</version>
		<infourl title="Antispam by CleanTalk">https://www.cleantalk.org/joomla-anti-spam-plugin-without-captcha</infourl>
		<downloads>
			<downloadurl type="full" format="zip">http://download.cleantalk.org/joomla/joomla25-3x-antispam-4.0.zip</downloadurl>
		</downloads>
		<tags>
			<tag>Stable</tag>
		</tags>
		<maintainer>CleanTalk</maintainer>
		<maintainerurl>https://www.cleantalk.org</maintainerurl>
		<client>0</client>
		<client_id>0</client_id>
		<targetplatform name="joomla" version="3.[012345]"/>
	</update>
</updates>
