<?xml version="1.0" ?>
<falang type="contentelement">
  <name>aiContactSafe - Other</name>
  <author>Alex Dobrin</author>
  <version>1.0.0</version>
  <description>Definition for the contact information of aiContactSafe</description>
  <copyright>www.algisinfo.com</copyright>
  <reference>
  	<table name="aicontactsafe_contactinformations">
  		<field type="referenceid" name="id" translate="0">ID</field>
		<field type="titletext" name="info_label" translate="1">Key</field>
		<field type="htmltext" name="info_value" translate="1">Value</field>
  	</table>
  </reference>
</falang>
