<?xml version="1.0" encoding="utf-8"?>
<extension type="library" version="3.0" method="upgrade">
	<name>Fox Contact</name>
	<creationDate>Mar 2015</creationDate>
	<author>Demis Palma</author>
	<authorEmail>demis@fox.ra.it</authorEmail>
	<authorUrl>http://www.fox.ra.it/</authorUrl>
	<copyright>Copyright (c) 2010 - 2015 Demis Palma. All rights reserved.</copyright>
	<license>GNU/GPL v3</license>
	<version>3.4.3</version>
	<libraryname>foxcontact</libraryname>

	<files>
		<folder>foxhtml</folder>
		<folder>loader</folder>
		<filename>constants.php</filename>
		<filename>index.html</filename>
	</files>

</extension>