<?xml version="1.0" encoding="utf-8"?>
<metafile version="3.1" client="site">
	<name>Kazakh</name>
	<version>3.1.4.1</version>
	<creationDate>2013-07-26</creationDate>
	<author>Kazakh Translation Team</author>
	<authorEmail>smart@joomlaportal.ru</authorEmail>
	<authorUrl>www.joomlaportal.ru</authorUrl>
	<copyright>Copyright (C) 2005 - 2013 Open Source Matters. All rights reserved</copyright>
	<license>GNU General Public License version 2 or later; see LICENSE.txt</license>
	<description>Kazakh language pack (site) for Joomla! 3.1</description>
	<files>
		<filename>kz-KZ.com_contact.ini</filename>
		<filename>kz-KZ.com_content.ini</filename>
		<filename>kz-KZ.com_finder.ini</filename>
		<filename>kz-KZ.com_mailto.ini</filename>
		<filename>kz-KZ.com_media.ini</filename>
		<filename>kz-KZ.com_messages.ini</filename>
		<filename>kz-KZ.com_newsfeeds.ini</filename>
		<filename>kz-KZ.com_search.ini</filename>
		<filename>kz-KZ.com_tags.ini</filename>
		<filename>kz-KZ.com_users.ini</filename>
		<filename>kz-KZ.com_weblinks.ini</filename>
		<filename>kz-KZ.com_wrapper.ini</filename>
		<filename>kz-KZ.files_joomla.sys.ini</filename>
		<filename>kz-KZ.finder_cli.ini</filename>
		<filename>kz-KZ.ini</filename>
		<filename>kz-KZ.lib_idna_convert.sys.ini</filename>
		<filename>kz-KZ.lib_joomla.ini</filename>
		<filename>kz-KZ.lib_joomla.sys.ini</filename>
		<filename>kz-KZ.lib_phpmailer.sys.ini</filename>
		<filename>kz-KZ.lib_phputf8.sys.ini</filename>
		<filename>kz-KZ.lib_simplepie.sys.ini</filename>
		<filename>kz-KZ.localise.php</filename>
		<filename>kz-KZ.mod_articles_archive.ini</filename>
		<filename>kz-KZ.mod_articles_archive.sys.ini</filename>
		<filename>kz-KZ.mod_articles_categories.ini</filename>
		<filename>kz-KZ.mod_articles_categories.sys.ini</filename>
		<filename>kz-KZ.mod_articles_category.ini</filename>
		<filename>kz-KZ.mod_articles_category.sys.ini</filename>
		<filename>kz-KZ.mod_articles_latest.ini</filename>
		<filename>kz-KZ.mod_articles_latest.sys.ini</filename>
		<filename>kz-KZ.mod_articles_news.ini</filename>
		<filename>kz-KZ.mod_articles_news.sys.ini</filename>
		<filename>kz-KZ.mod_articles_popular.ini</filename>
		<filename>kz-KZ.mod_articles_popular.sys.ini</filename>
		<filename>kz-KZ.mod_banners.ini</filename>
		<filename>kz-KZ.mod_banners.sys.ini</filename>
		<filename>kz-KZ.mod_breadcrumbs.ini</filename>
		<filename>kz-KZ.mod_breadcrumbs.sys.ini</filename>
		<filename>kz-KZ.mod_custom.ini</filename>
		<filename>kz-KZ.mod_custom.sys.ini</filename>
		<filename>kz-KZ.mod_feed.ini</filename>
		<filename>kz-KZ.mod_feed.sys.ini</filename>
		<filename>kz-KZ.mod_finder.ini</filename>
		<filename>kz-KZ.mod_finder.sys.ini</filename>
		<filename>kz-KZ.mod_footer.ini</filename>
		<filename>kz-KZ.mod_footer.sys.ini</filename>
		<filename>kz-KZ.mod_languages.ini</filename>
		<filename>kz-KZ.mod_languages.sys.ini</filename>
		<filename>kz-KZ.mod_login.ini</filename>
		<filename>kz-KZ.mod_login.sys.ini</filename>
		<filename>kz-KZ.mod_menu.ini</filename>
		<filename>kz-KZ.mod_menu.sys.ini</filename>
		<filename>kz-KZ.mod_random_image.ini</filename>
		<filename>kz-KZ.mod_random_image.sys.ini</filename>
		<filename>kz-KZ.mod_related_items.ini</filename>
		<filename>kz-KZ.mod_related_items.sys.ini</filename>
		<filename>kz-KZ.mod_search.ini</filename>
		<filename>kz-KZ.mod_search.sys.ini</filename>
		<filename>kz-KZ.mod_stats.ini</filename>
		<filename>kz-KZ.mod_stats.sys.ini</filename>
		<filename>kz-KZ.mod_syndicate.ini</filename>
		<filename>kz-KZ.mod_syndicate.sys.ini</filename>
		<filename>kz-KZ.mod_tags_popular.ini</filename>
		<filename>kz-KZ.mod_tags_popular.sys.ini</filename>
		<filename>kz-KZ.mod_tags_similar.ini</filename>
		<filename>kz-KZ.mod_tags_similar.sys.ini</filename>
		<filename>kz-KZ.mod_users_latest.ini</filename>
		<filename>kz-KZ.mod_users_latest.sys.ini</filename>
		<filename>kz-KZ.mod_weblinks.ini</filename>
		<filename>kz-KZ.mod_weblinks.sys.ini</filename>
		<filename>kz-KZ.mod_whosonline.ini</filename>
		<filename>kz-KZ.mod_whosonline.sys.ini</filename>
		<filename>kz-KZ.mod_wrapper.ini</filename>
		<filename>kz-KZ.mod_wrapper.sys.ini</filename>
		<filename>kz-KZ.pkg_joomla.sys.ini</filename>
		<filename>kz-KZ.tpl_beez3.ini</filename>
		<filename>kz-KZ.tpl_beez3.sys.ini</filename>
		<filename>kz-KZ.tpl_protostar.ini</filename>
		<filename>kz-KZ.tpl_protostar.sys.ini</filename>
	</files>
	<metadata>
		<name>Kazakh</name>
		<tag>kz-KZ</tag>
		<rtl>0</rtl>
		<locale>kz-KZ.utf8, kz-KZ.UTF-8, kz_KZ.utf8, kz-KZ.UTF-8, kz-KZ, kz_KZ, kz, Kazakh, Kazakh-kz</locale>
		<firstDay>1</firstDay>
	</metadata>
	<params />
</metafile>