<?xml version="1.0" encoding="UTF-8"?>
<modification>
    <name>Opencart News 2.x</name>
    <code>opencart_news</code>
    <version>1.0.0</version>
    <author>alexwaha</author>
    <link>https://oc-help.com</link>
  <file path="admin/controller/common/menu.php">
    <operation>
      <search><![CDATA[$data['text_manufacturer'] = $this->language->get('text_manufacturer');]]></search>
      <add position="after"><![CDATA[$data['text_news'] = $this->language->get('text_news');]]></add>
    </operation>
    <operation>
      <search><![CDATA[$data['manufacturer'] = $this->url->link('catalog/manufacturer', 'token=' . $this->session->data['token'], 'SSL');]]></search>
      <add position="after"><![CDATA[$data['news'] = $this->url->link('catalog/news', 'token=' . $this->session->data['token'], 'SSL');]]></add>
    </operation>
  </file>
  <file path="admin/language/russian/common/menu.php">
    <operation>
      <search><![CDATA[$_['text_manufacturer']]]></search>
      <add position="before"><![CDATA[$_['text_news'] = 'Новости';]]></add>
    </operation>
  </file>
  <file path="admin/language/english/common/menu.php">
    <operation>
      <search><![CDATA[$_['text_manufacturer']]]></search>
      <add position="before"><![CDATA[$_['text_news'] = 'News';]]></add>
    </operation>
  </file>
  <file path="admin/view/template/common/menu.tpl">
    <operation>
      <search><![CDATA[<li><a href="<?php echo $information; ?>"><?php echo $text_information; ?></a></li>]]></search>
      <add position="after"><![CDATA[<li id="news"><a href="<?php echo $news;?>"><?php echo $text_news;?></a></li>]]></add>
    </operation>
  </file>
</modification>
