<?xml version="1.0" encoding="utf-8"?>
<!DOCTYPE extension>
<extension version="2.5" type="file" method="upgrade">
	<name>kunena_tmpl_crypsisb3</name>
	<version>4.0.10</version>
	<creationDate>2016-02-18</creationDate>
	<author>Kunena Team</author>
	<authorEmail>team@kunena.org</authorEmail>
	<authorUrl>https://www.kunena.org</authorUrl>
	<copyright>Kunena Team</copyright>
	<license>GNU/GPL</license>
	<description>COM_KUNENA_TEMPLATE_CRYPSIS_DESC</description>
	<files>
		<filename>config.xml</filename>
		<filename>README.md</filename>
		<filename>template.php</filename>
		<folder>css</folder>
		<folder>images</folder>
		<folder>language</folder>
		<folder>layouts</folder>
		<folder>less</folder>
		<folder>media</folder>
		<folder>pages</folder>
	</files>
</extension>
