<?xml version="1.0" encoding="utf-8"?>
<!DOCTYPE kinstall>
<kinstall type="kunena-template" version="4.0" method="upgrade">
	<name>Crypsisb3</name>
	<creationDate>2016-02-18</creationDate>
	<version>4.0.10</version>
	<author>Kunena Team</author>
	<authorEmail>team@kunena.org</authorEmail>
	<authorUrl>https://www.kunena.org</authorUrl>
	<copyright>Kunena Team</copyright>
	<license>GNU/GPL</license>
	<description>COM_KUNENA_TEMPLATE_CRYPSIS_DESC</description>
	<thumbnail>template_thumbnail.png</thumbnail>
</kinstall>
