<?xml version="1.0" encoding="UTF-8" ?>
<extension type="package" version="2.5" method="upgrade">
	<name>FaLang Package</name>
	<author>Stéphane Bouey</author>
	<creationDate>December 2012</creationDate>
 	<packagename>falang</packagename>
	 <version>2.7.0</version>
	 <url>http://www.faboba.com</url>
	 <packager>Stéphane Bouey</packager>
	 <packagerurl>http://www.faboba.com</packagerurl>
	 <description>FaLang! Installer Package.</description>
	 <files folder="packages">
		 <file type="module" id="mod_falang" client="site">mod_falang_270.zip</file>
		 <file type="plugin" id="falangdriver" group="system">plg_falangdriver_270.zip</file>
		 <file type="plugin" id="falangquickjump" group="system">plg_falangquickjump_270.zip</file>
		 <file type="component" id="com_falang" >com_falang_270.zip</file>
	 </files>
	 
</extension>