<?xml version="1.0" encoding="utf-8"?>
    <extension version="2.5" type="template" client="site">
        <name>sloth</name>
        <creationDate>18.08.2018</creationDate>
        <author>Baha</author>
        <authorEmail>87002133101a@gmail.com</authorEmail>
        <authorUrl>baha</authorUrl>
        <copyright>2018</copyright>
        <license>GNU/GPL</license>
        <version>2.9.0</version>
        <description></description>
        <files>
            <filename>index.php</filename>
            <filename>index.html</filename>
            <filename>templateDetails.xml</filename>
            <folder>css</folder>
            <folder>images</folder>
            <folder>html</folder>
             <folder>fonts</folder>
            <folder>js</folder>
            <folder>bootstrap</folder>
        </files>
        <positions>
            <position>breadcrumb</position>
            <position>header</position>
            <position>menu</position>
            <position>pos1</position>
            <position>pos2</position>
            <position>pos3</position>
             <position>pos4</position>
            <position>pos5</position>
            <position>pos6</position>
            <position>pos7</position>
            <position>footer</position>
            <position>left</position>
            <position>right</position>
        </positions>
    </extension>