<?xml version="1.0" encoding="UTF-8" ?>
<extension type="package" version="3.1">
  <name>Kazakh Language Pack</name>
  <packagename>kz-KZ</packagename>
  <version>3.1.4.1</version>
  <url>http://joomlaportal.ru</url>
  <packager>JoomlaPortal.ru</packager>
  <packagerurl>http://joomlaportal.ru</packagerurl>
  <description>Joomla 3.1 Kazakh Language Package</description>
  <files>
    <file type="language" client="site" id="kz-KZ">site_kz-KZ.zip</file>
    <file type="language" client="administrator" id="kz-KZ">admin_kz-KZ.zip</file>
    <file type="file" client="site" id="TinyMCE_kz-KZ">tinymce_kz-KZ.zip</file>
  </files>
</extension>