<?xml version="1.0" encoding="utf-8"?>
<extension type="plugin" version="3.0" method="upgrade" group="content">
	<name>plg_content_foxcontact</name>
	<creationDate>Mar 2015</creationDate>
	<author>Demis Palma</author>
	<authorEmail>demis@fox.ra.it</authorEmail>
	<authorUrl>http://www.fox.ra.it/</authorUrl>
	<copyright>Copyright (c) 2010 - 2015 Demis Palma. All rights reserved.</copyright>
	<license>GNU/GPL v3</license>
	<version>3.4.3</version>
	<description>PLG_FOXCONTACT_DESCRIPTION</description>

	<files>
		<filename plugin="foxcontact">foxcontact.php</filename>
		<filename>index.html</filename>
		<folder>language</folder>
		<folder>sql</folder>
	</files>

	<install>
		<sql><file driver="mysql" charset="utf8">sql/install.mysql.utf8.sql</file></sql>
	</install>

</extension>