<?xml version="1.0" encoding="utf-8"?>
<extension type="module" version="1.7" client="site" method="upgrade">
	<name>Christmas Garland</name>
	<author>Inter-Net PRO</author>
	<creationDate>15.12.2017</creationDate>
	<copyright>Copyright</copyright>
	<authorEmail>admin@inter-net.pro</authorEmail>
	<authorUrl>https://inter-net.pro</authorUrl>
	<version>1.1.0</version>
	<files>
		<filename module="mod_chr_garland">mod_chr_garland.php</filename>
		<filename>index.html</filename>
		<folder>assets</folder>
		<folder>tmpl</folder>
		<folder>assets</folder>
		<filename>helper.php</filename>
	</files>

	<languages>
		<language tag="en-GB">en-GB.mod_chr_garland.ini</language>
		<language tag="en-GB">en-GB.mod_chr_garland.sys.ini</language>
		<language tag="ru-RU">ru-RU.mod_chr_garland.ini</language>
		<language tag="ru-RU">ru-RU.mod_chr_garland.sys.ini</language>
	</languages>

	<config>
		<fields name="params">
			<fieldset name="basic">

				<field
					name="flakesMax" type="text"
					label="MOD_CHR_GARLAND_FIELD_FLAKESMAX_LABEL"
					description="MOD_CHR_GARLAND_FIELD_FLAKESMAX_DESC"
					default="128"
				/>

				<field
					name="flakesMaxActive" type="text"
					label="MOD_CHR_GARLAND_FIELD_FLAKESMAXACTIVE_LABEL"
					description="MOD_CHR_GARLAND_FIELD_FLAKESMAXACTIVE_DESC"
					default="64"
				/>

				<field
					name="animationInterval" type="text"
					label="MOD_CHR_GARLAND_FIELD_ANIMATIONINTERVAL_LABEL"
					description="MOD_CHR_GARLAND_FIELD_ANIMATIONINTERVAL_DESC"
					default="33"
				/>

				<field
					name="followMouse" type="list"
					label="MOD_CHR_GARLAND_FIELD_FOLLOWMOUSE_LABEL"
					description="MOD_CHR_GARLAND_FIELD_FOLLOWMOUSE_DESC"
					default="0"
				>
					<option value="1">JYES</option>
					<option value="0">JNO</option>
				</field>

				<field
					name="snowColor" type="text"
					label="MOD_CHR_GARLAND_FIELD_SNOWCOLOR_LABEL"
					description="MOD_CHR_GARLAND_FIELD_SNOWCOLOR_DESC"
					default="#fff"
				/>

				<field
					name="snowCharacter" type="text"
					label="MOD_CHR_GARLAND_FIELD_SNOWCHARACTER_LABEL"
					description="MOD_CHR_GARLAND_FIELD_SNOWCHARACTER_DESC"
					default="&amp;bull;"
				/>

				<field
					name="snowStick" type="list"
					label="MOD_CHR_GARLAND_FIELD_SNOWSTICK_LABEL"
					description="MOD_CHR_GARLAND_FIELD_SNOWSTICK_DESC"
					default="1"
				>
					<option value="1">JYES</option>
					<option value="0">JNO</option>
				</field>

			</fieldset>
		</fields>
	</config>
</extension>