﻿<?xml version="1.0" encoding="utf-8"?>
<extension version="3.0" type="plugin" group="system" method="upgrade">
	<name>PLG_SYSTEM_TWCDISCLAIMER</name>
	<creationDate>November 20, 2015</creationDate>
	<author>Terry Carter</author>
	<authorEmail>twc@terrywcarter.com</authorEmail>
	<authorUrl>http://www.terrywcarter.com</authorUrl>
	<copyright>Copyright (c) Terry W Carter. All rights reserved</copyright>
	<license>GNU GPL v2.0</license>
	<version>1.0.2</version>
	<description>PLG_SYSTEM_TWCDISCLAIMER_DESC</description>
	<files>
		<filename plugin="twcdisclaimer">twcdisclaimer.php</filename>
		<filename plugin="twcdisclaimer">index.html</filename>
		<filename plugin="twcdisclaimer">license.txt</filename>
		<folder plugin="twcdisclaimer">assets</folder>
	</files>
	<languages folder="language/en-GB">
		<language tag="en-GB">en-GB.plg_system_twcdisclaimer.ini</language>
		<language tag="en-GB">en-GB.plg_system_twcdisclaimer.sys.ini</language>
   	</languages>	
	<config>
		<fields name="params">
			<fieldset name="basic">
				<field
					name="idarray"
					type="sql"
					label="PLG_SYSTEM_TWCDISCLAIMER_IDARRAY_LABEL"
					description="PLG_SYSTEM_TWCDISCLAIMER_IDARRAY_DESC"
					multiple="true"
					key_field="id"
					value_field="title"
					required="true"
					query="SELECT id,title FROM #__menu WHERE published = '1' AND menutype IN (SELECT menutype FROM #__menu_types)"
				>
				</field>
				<field
					name="title"
					type="text"
					default="Default"
					label="PLG_SYSTEM_TWCDISCLAIMER_TITLE_LABEL"
					description="PLG_SYSTEM_TWCDISCLAIMER_TITLE_DESC"
				/>
				<field
					name="content"
					type="editor"
					filter="safehtml"
					default=""
					label="PLG_SYSTEM_TWCDISCLAIMER_CONTENT_LABEL"
					description="PLG_SYSTEM_TWCDISCLAIMER_CONTENT_DESC"
				/>
				<field
					name="theme"
					type="list"
					default="white"
					label="PLG_SYSTEM_TWCDISCLAIMER_THEME_LABEL"
					description="PLG_SYSTEM_TWCDISCLAIMER_THEME_DESC"
				>
					<option value="white">White</option>
					<option value="black">Black</option>
					<option value="hololight">Holo Light</option>
					<option value="holodark">Holo Dark</option>
					<option value="supervan">Super Van</option>
				</field>
				<field
					name="confirmtext"
					type="text"
					default="I Agree to the Terms"
					label="PLG_SYSTEM_TWCDISCLAIMER_CONFIRMTEXT_LABEL"
					description="PLG_SYSTEM_TWCDISCLAIMER_CONFIRMTEXT_DESC"
				/>
				<field
					name="confirmbtnstyle"
					type="list"
					default="btn-primary"
					label="PLG_SYSTEM_TWCDISCLAIMER_CONFIRMBTNSTYLE_LABEL"
					description="PLG_SYSTEM_TWCDISCLAIMER_CONFIRMBTNSTYLE_DESC"
				>
					<option value="btn-primary">PLG_SYSTEM_TWCDISCLAIMER_BTNSTYLE_PRIMARY</option>
					<option value="btn-success">PLG_SYSTEM_TWCDISCLAIMER_BTNSTYLE_SUCCESS</option>
					<option value="btn-danger">PLG_SYSTEM_TWCDISCLAIMER_BTNSTYLE_DANGER</option>
					<option value="btn-info">PLG_SYSTEM_TWCDISCLAIMER_BTNSTYLE_INFO</option>
					<option value="btn-warning">PLG_SYSTEM_TWCDISCLAIMER_BTNSTYLE_WARNING</option>
					<option value="btn-inverse">PLG_SYSTEM_TWCDISCLAIMER_BTNSTYLE_INVERSE</option>
				</field>
				<field
					name="canceltext"
					type="text"
					default="I Do Not Agree"
					label="PLG_SYSTEM_TWCDISCLAIMER_CANCELTEXT_LABEL"
					description="PLG_SYSTEM_TWCDISCLAIMER_CANCELTEXT_DESC"
				/>
				<field
					name="cancelbtnstyle"
					type="list"
					default="btn-primary"
					label="PLG_SYSTEM_TWCDISCLAIMER_CANCELBTNSTYLE_LABEL"
					description="PLG_SYSTEM_TWCDISCLAIMER_CANCELBTNSTYLE_DESC"
				>
					<option value="btn-primary">PLG_SYSTEM_TWCDISCLAIMER_BTNSTYLE_PRIMARY</option>
					<option value="btn-success">PLG_SYSTEM_TWCDISCLAIMER_BTNSTYLE_SUCCESS</option>
					<option value="btn-danger">PLG_SYSTEM_TWCDISCLAIMER_BTNSTYLE_DANGER</option>
					<option value="btn-info">PLG_SYSTEM_TWCDISCLAIMER_BTNSTYLE_INFO</option>
					<option value="btn-warning">PLG_SYSTEM_TWCDISCLAIMER_BTNSTYLE_WARNING</option>
					<option value="btn-inverse">PLG_SYSTEM_TWCDISCLAIMER_BTNSTYLE_INVERSE</option>
				</field>
				<field
					name="redirecturl"
					type="text"
					default="http://www.google.com"
					label="PLG_SYSTEM_TWCDISCLAIMER_REDIRECTURL_LABEL"
					description="PLG_SYSTEM_TWCDISCLAIMER_REDIRECTURL_DESC"
				/>
				<field
					name="cookiedays"
					type="text"
					default="30"
					label="PLG_SYSTEM_TWCDISCLAIMER_COOKIEDAYS_LABEL"
					description="PLG_SYSTEM_TWCDISCLAIMER_COOKIEDAYS_DESC"
				/>
				<field
					name="cookiepath"
					type="text"
					default="/"
					label="PLG_SYSTEM_TWCDISCLAIMER_COOKIEPATH_LABEL"
					description="PLG_SYSTEM_TWCDISCLAIMER_COOKIEPATH_DESC"
				/>
				<field
					name="autoclose"
					type="list"
					default="0"
					label="PLG_SYSTEM_TWCDISCLAIMER_AUTOCLOSE_LABEL"
					description="PLG_SYSTEM_TWCDISCLAIMER_AUTOCLOSE_DESC"
				>
					<option value="0">PLG_SYSTEM_TWCDISCLAIMER_NO</option>
					<option value="1">PLG_SYSTEM_TWCDISCLAIMER_YES</option>
				</field>
				<field
					name="autoclosetime"
					type="text"
					default="6000"
					label="PLG_SYSTEM_TWCDISCLAIMER_AUTOCLOSETIME_LABEL"
					description="PLG_SYSTEM_TWCDISCLAIMER_AUTOCLOSETIME_DESC"
				/>
				<field
					name="closeicon"
					type="list"
					default="1"
					label="PLG_SYSTEM_TWCDISCLAIMER_CLOSEICON_LABEL"
					description="PLG_SYSTEM_TWCDISCLAIMER_CLOSEICON_DESC"
				>
					<option value="0">PLG_SYSTEM_TWCDISCLAIMER_NO</option>
					<option value="1">PLG_SYSTEM_TWCDISCLAIMER_YES</option>
				</field>
				<field
					name="keyboard"
					type="list"
					default="0"
					label="PLG_SYSTEM_TWCDISCLAIMER_KEYBOARD_LABEL"
					description="PLG_SYSTEM_TWCDISCLAIMER_KEYBOARD_DESC"
				>
					<option value="0">PLG_SYSTEM_TWCDISCLAIMER_NO</option>
					<option value="1">PLG_SYSTEM_TWCDISCLAIMER_YES</option>
				</field>
				<field
					name="backgroundclose"
					type="list"
					default="0"
					label="PLG_SYSTEM_TWCDISCLAIMER_BACKGROUNDCLOSE_LABEL"
					description="PLG_SYSTEM_TWCDISCLAIMER_BACKGROUNDCLOSE_DESC"
				>
					<option value="0">PLG_SYSTEM_TWCDISCLAIMER_NO</option>
					<option value="1">PLG_SYSTEM_TWCDISCLAIMER_YES</option>
				</field>
				<field
					name="registeredUsers"
					type="list"
					default="0"
					label="PLG_SYSTEM_TWCDISCLAIMER_REGISTERDUSERS_LABEL"
					description="PLG_SYSTEM_TWCDISCLAIMER_REGISTEREDUSERS_DESC"
				>
					<option value="0">PLG_SYSTEM_TWCDISCLAIMER_NO</option>
					<option value="1">PLG_SYSTEM_TWCDISCLAIMER_YES</option>
				</field>
				<field
					name="debug"
					type="list"
					default="0"
					label="PLG_SYSTEM_TWCDISCLAIMER_DEBUG_LABEL"
					description="PLG_SYSTEM_TWCDISCLAIMER_DEBUG_DESC"
				>
					<option value="0">PLG_SYSTEM_TWCDISCLAIMER_NO</option>
					<option value="1">PLG_SYSTEM_TWCDISCLAIMER_YES</option>
				</field>
			</fieldset>
		</fields>
	</config>
	<updateservers>
		<server type="extension" priority="1" name="TWCarter Update Site">http://www.terrywcarter.com/downloads/plg_twcdisclaimer.xml</server>
	</updateservers>
</extension>
